Workbook

Sheet Instructions
A1: Call Break Scoreboard — Data Migration Template
B3: HOW TO USE THIS FILE
B4: Step 1 | C4: Fill in the 'Players' sheet with all player names, colors and avatars.
B5: Step 2 | C5: Fill in the 'Match' sheet — one row per match, specifying the 4 players and match metadata.
B6: Step 3 | C6: Fill in the 'Rounds' sheet — one row per round per match (match_number + round_number identify each row).
B7: Step 4 | C7: Run the Python migration script: python migrate.py
C8: The script reads this Excel file and inserts all data into your PostgreSQL/Supabase database.
B10: SCORING RULES (for reference)
B11: Bid met exactly | C11: Player wins bid × 1.0 (e.g. bid 2 and won 2 → +2.0)
B12: Bid exceeded | C12: Player wins bid × 1.0 + extra × 0.1 (e.g. bid 2 won 3 → +2.1)
B13: Bid not met (failed) | C13: Player loses bid × -1.0 (e.g. bid 2 won 1 → -2.0)
B15: IMPORTANT NOTES
B16: match_number | C16: Unique match number for the day (1, 2, 3…). Used to link Rounds to Matches.
B17: player_order | C17: Seat order 1–4. p1 is the first dealer/starter for that match.
B18: actual_wins | C18: The ACTUAL tricks won (integer 0–13). The script calculates the score.
B19: match_date | C19: Format: YYYY-MM-DD (e.g. 2025-06-08)

Sheet Players
A1: # | B1: name | C1: color | D1: avatar | E1: is_bot | F1: group_id

Sheet Matches
A1: match_number | B1: match_date | C1: total_rounds | D1: p1_name | E1: p2_name | F1: p3_name | G1: p4_name | H1: status | I1: group_id
A2: =Sheet5!K1 -> 1 | B2: =Sheet5!K2 -> 46173 | C2: =Sheet5!K3 -> 13 | D2: =Sheet5!B1 -> Harsh | E2: =Sheet5!D1 -> Vikash | F2: =Sheet5!F1 -> Abhay | G2: =Sheet5!H1 -> Ankit | H2: completed | I2: d16efa2a-c877-447f-a8a0-d0a9998d0db6

Sheet Rounds
A1: match_number | B1: round_number | C1: p1_bid | D1: p1_actual_wins | E1: p2_bid | F1: p2_actual_wins | G1: p3_bid | H1: p3_actual_wins | I1: p4_bid | J1: p4_actual_wins
A2: =Matches!A2 -> 1 | B2: 1 | C2: =Sheet5!B3 -> 2 | D2: =Sheet5!C3 -> 2.1 | E2: =Sheet5!D3 -> 2 | F2: =Sheet5!E3 -> -2 | G2: =Sheet5!F3 -> 6 | H2: =Sheet5!G3 -> 6.1 | I2: =Sheet5!H3 -> 1 | J2: =Sheet5!I3 -> 1.1
A3: =A2 -> 1 | B3: 2 | C3: =Sheet5!B4 -> 2 | D3: =Sheet5!C4 -> 2.2 | E3: =Sheet5!D4 -> 3 | F3: =Sheet5!E4 -> 3.1 | G3: =Sheet5!F4 -> 4 | H3: =Sheet5!G4 -> 4 | I3: =Sheet5!H4 -> 2 | J3: =Sheet5!I4 -> -2
A4: =A3 -> 1 | B4: 3 | C4: =Sheet5!B5 -> 2 | D4: =Sheet5!C5 -> 2.2 | E4: =Sheet5!D5 -> 2 | F4: =Sheet5!E5 -> 2.1 | G4: =Sheet5!F5 -> 1 | H4: =Sheet5!G5 -> 1.1 | I4: =Sheet5!H5 -> 4 | J4: =Sheet5!I5 -> 4
A5: =A4 -> 1 | B5: 4 | C5: =Sheet5!B6 -> 6 | D5: =Sheet5!C6 -> 6.2 | E5: =Sheet5!D6 -> 1 | F5: =Sheet5!E6 -> 1.1 | G5: =Sheet5!F6 -> 1 | H5: =Sheet5!G6 -> 1 | I5: =Sheet5!H6 -> 2 | J5: =Sheet5!I6 -> 2
A6: =A5 -> 1 | B6: 5 | C6: =Sheet5!B7 -> 3 | D6: =Sheet5!C7 -> 3.2 | E6: =Sheet5!D7 -> 1 | F6: =Sheet5!E7 -> 1 | G6: =Sheet5!F7 -> 2 | H6: =Sheet5!G7 -> 2.1 | I6: =Sheet5!H7 -> 3 | J6: =Sheet5!I7 -> 3.1
A7: =A6 -> 1 | B7: 6 | C7: =Sheet5!B8 -> 1 | D7: =Sheet5!C8 -> 1.1 | E7: =Sheet5!D8 -> 2 | F7: =Sheet5!E8 -> 2.1 | G7: =Sheet5!F8 -> 3 | H7: =Sheet5!G8 -> 3 | I7: =Sheet5!H8 -> 3 | J7: =Sheet5!I8 -> 3.2
A8: =A7 -> 1 | B8: 7 | C8: =Sheet5!B9 -> 3 | D8: =Sheet5!C9 -> 3.2 | E8: =Sheet5!D9 -> 4 | F8: =Sheet5!E9 -> 4 | G8: =Sheet5!F9 -> 2 | H8: =Sheet5!G9 -> 2.1 | I8: =Sheet5!H9 -> 1 | J8: =Sheet5!I9 -> 1
A9: =A8 -> 1 | B9: 8 | C9: =Sheet5!B10 -> 1 | D9: =Sheet5!C10 -> 1.1 | E9: =Sheet5!D10 -> 2 | F9: =Sheet5!E10 -> 2.1 | G9: =Sheet5!F10 -> 3 | H9: =Sheet5!G10 -> 3.2 | I9: =Sheet5!H10 -> 2 | J9: =Sheet5!I10 -> 2.1
A10: =A9 -> 1 | B10: 9 | C10: =Sheet5!B11 -> 1 | D10: =Sheet5!C11 -> 1 | E10: =Sheet5!D11 -> 4 | F10: =Sheet5!E11 -> -4 | G10: =Sheet5!F11 -> 5 | H10: =Sheet5!G11 -> 5.1 | I10: =Sheet5!H11 -> 2 | J10: =Sheet5!I11 -> 2.1
A11: =A10 -> 1 | B11: 10 | C11: =Sheet5!B12 -> 3 | D11: =Sheet5!C12 -> 3.1 | E11: =Sheet5!D12 -> 1 | F11: =Sheet5!E12 -> -1 | G11: =Sheet5!F12 -> 3 | H11: =Sheet5!G12 -> 3.1 | I11: =Sheet5!H12 -> 2 | J11: =Sheet5!I12 -> 2.3
A12: =A11 -> 1 | B12: 11 | C12: =Sheet5!B13 -> 5 | D12: =Sheet5!C13 -> 5.1 | E12: =Sheet5!D13 -> 2 | F12: =Sheet5!E13 -> 2 | G12: =Sheet5!F13 -> 1 | H12: =Sheet5!G13 -> 1.1 | I12: =Sheet5!H13 -> 3 | J12: =Sheet5!I13 -> 3
A13: =A12 -> 1 | B13: 12 | C13: =Sheet5!B14 -> 3 | D13: =Sheet5!C14 -> 3.1 | E13: =Sheet5!D14 -> 1 | F13: =Sheet5!E14 -> 1.3 | G13: =Sheet5!F14 -> 2 | H13: =Sheet5!G14 -> 2.1 | I13: =Sheet5!H14 -> 1 | J13: =Sheet5!I14 -> 1.1
A14: =A13 -> 1 | B14: 13 | C14: =Sheet5!B15 -> 1 | D14: =Sheet5!C15 -> 1 | E14: =Sheet5!D15 -> 1 | F14: =Sheet5!E15 -> 1 | G14: =Sheet5!F15 -> 6 | H14: =Sheet5!G15 -> 6.1 | I14: =Sheet5!H15 -> 3 | J14: =Sheet5!I15 -> 3.1

Sheet Sheet5
B1: Harsh | D1: Vikash | F1: Abhay | H1: Ankit | K1: 1
B2: PRE | C2: ACT | D2: PRE | E2: ACT | F2: PRE | G2: ACT | H2: PRE | I2: ACT | K2: 46173
A3: 1 | B3: 2 | C3: 2.1 | D3: 2 | E3: -2 | F3: 6 | G3: 6.1 | H3: 1 | I3: 1.1 | K3: 13
A4: 2 | B4: 2 | C4: 2.2 | D4: 3 | E4: 3.1 | F4: 4 | G4: 4 | H4: 2 | I4: -2
A5: 3 | B5: 2 | C5: 2.2 | D5: 2 | E5: 2.1 | F5: 1 | G5: 1.1 | H5: 4 | I5: 4
A6: 4 | B6: 6 | C6: 6.2 | D6: 1 | E6: 1.1 | F6: 1 | G6: 1 | H6: 2 | I6: 2
A7: 5 | B7: 3 | C7: 3.2 | D7: 1 | E7: 1 | F7: 2 | G7: 2.1 | H7: 3 | I7: 3.1
A8: 6 | B8: 1 | C8: 1.1 | D8: 2 | E8: 2.1 | F8: 3 | G8: 3 | H8: 3 | I8: 3.2
A9: 7 | B9: 3 | C9: 3.2 | D9: 4 | E9: 4 | F9: 2 | G9: 2.1 | H9: 1 | I9: 1
A10: 8 | B10: 1 | C10: 1.1 | D10: 2 | E10: 2.1 | F10: 3 | G10: 3.2 | H10: 2 | I10: 2.1
A11: 9 | B11: 1 | C11: 1 | D11: 4 | E11: -4 | F11: 5 | G11: 5.1 | H11: 2 | I11: 2.1
A12: 10 | B12: 3 | C12: 3.1 | D12: 1 | E12: -1 | F12: 3 | G12: 3.1 | H12: 2 | I12: 2.3
A13: 11 | B13: 5 | C13: 5.1 | D13: 2 | E13: 2 | F13: 1 | G13: 1.1 | H13: 3 | I13: 3
A14: 12 | B14: 3 | C14: 3.1 | D14: 1 | E14: 1.3 | F14: 2 | G14: 2.1 | H14: 1 | I14: 1.1
A15: 13 | B15: 1 | C15: 1 | D15: 1 | E15: 1 | F15: 6 | G15: 6.1 | H15: 3 | I15: 3.1
A16: 14
A17: 15
A18: 16
A19: 17
A20: 18
A21: 19
A22: 20
A23: 21
A24: 22
A25: 23
A26: 24
